[
    {
        "question": "Which object is geometrically impossible?",
        "options": [
            "The left object",
            "The right object",
            "Both objects",
            "Neither object"
        ],
        "answer": "The right object",
        "image": "0000_real_impossible_p.jpg",
        "category": "soft_localization",
        "reasoning": "The left object is a cross on a raised platform make out of cubes. The right object is an impossible triangle made our of cubes where the shading implies a geometric orientation that is cannot exist.",
        "id": 0
    },
    {
        "question": "Which object is geometrically impossible?",
        "options": [
            "The left object",
            "The right object",
            "Both objects",
            "Neither object"
        ],
        "answer": "The left object",
        "image": "0001_impossible_real_p.jpg",
        "category": "soft_localization",
        "reasoning": "The left object is an impossible triangle made our of cubes where the shading implies a geometric orientation that is cannot exist. The right object is a cross on a raised platform make out of cubes.",
        "id": 1
    },
    {
        "question": "Which object is geometrically impossible?",
        "options": [
            "The left object",
            "The right object",
            "Both objects",
            "Neither object"
        ],
        "answer": "Neither object",
        "image": "0009_real_real_p.jpg",
        "category": "soft_localization",
        "reasoning": "The left object is an ordinary ring, slightly angled. The right object is a cross on a raised platform make out of cubes.",
        "id": 2
    },
    {
        "question": "Which object is geometrically impossible?",
        "options": [
            "The left object",
            "The right object",
            "Both objects",
            "Neither object"
        ],
        "answer": "Both objects",
        "image": "0010_impossible_impossible_p.jpg",
        "category": "soft_localization",
        "reasoning": "The left object is an impossible triangle made our of cubes where the shading implies a geometric orientation that is cannot exist. The right object is an impossible ring where the top half appears as if viewed from the right while the bottom appears as if viewed from the left.",
        "id": 3
    }
]