[
    {
        "question": "How many people are there in the foreground and how many legs do you see?",
        "options": [
            "There are four people, and i see eight legs in total.",
            "There are five people, and i see eight legs in total.",
            "There are five people, and i see ten legs in total.",
            "There are four people, and i see ten legs in total."
        ],
        "answer": "There are five people, and i see eight legs in total.",
        "image": "6.jpg",
        "category": "real-scene",
        "id": 0
    },
    {
        "question": "What is unusual about this image?",
        "options": [
            "The elephant has five or six legs.",
            "The elephant is using its trunk as a fifth leg.",
            "The elephant is merging with the background in some regions.",
            "The elephant has six legs while the rest of its body is normal."
        ],
        "answer": "The elephant is merging with the background in some regions.",
        "image": "142.jpg",
        "category": "impossible object",
        "source": "Sheperd's Elephant",
        "id": 1
    },
    {
        "question": "The silhouette of which animal can be seen in the foliage?",
        "options": [
            "A tiger.",
            "A fox.",
            "A bear.",
            "A wolf.",
            "There's nothing hidden. The image is an optical illusion.",
            "A raptor."
        ],
        "answer": "A tiger.",
        "image": "241.jpg",
        "category": "hidden",
        "source": "Bev DooLittle",
        "id": 2
    },
    {
        "question": "There are two benches in this image. Which has larger dimensions?",
        "options": [
            "The one on the left is longer and the one on the right is wider.",
            "The one on the left is narrower and the one on the right is wider.",
            "Hard to tell without more context.",
            "They both have the same length and breadth."
        ],
        "answer": "They both have the same length and breadth.",
        "image": "1131.jpg",
        "category": "size",
        "id": 3
    }
]